run_accession	Experiment	SampleName	BioSample	SRAStudy	BioProject	study_accession	secondary_study_accession	experiment_accession	sample_accession	secondary_sample_accession	LibraryLayout	LibraryStrategy	LibrarySource	Platform	Model	instrument_model	library_layout	library_strategy	library_source	read_count	base_count	first_public	last_updated	age	altitude	cell_line	cell_type	disease	environment_biome	host	host_body_site	isolate	location	sex	strain	temperature	tissue_type	sampling_site	experimental_factor	broker_name	center_name	experiment_title	library_name	library_selection	scientific_name	collection_date	study_title	sample_title	submitted_ftp	fastq_ftp	dev_stage	environment_feature	environment_material	environmental_medium	environmental_sample	host_genotype	host_phenotype	ReleaseDate	LoadDate	spots	bases	spots_with_mates	avgLength	size_MB	AssemblyName	download_path	LibraryName	LibrarySelection	InsertSize	InsertDev	Study_Pubmed_id	ProjectID	Sample	SampleType	TaxID	ScientificName	g1k_pop_code	source	g1k_analysis_group	Subject_ID	Sex	Disease	Tumor	Affection_Status	Analyte_Type	Histological_Type	Body_Site	CenterName	Submission	dbgap_study_accession	Consent	RunHash	ReadHash
SRR21565737	SRX17568142	HRN03	SAMN30836979	SRP397096	PRJNA880301	PRJNA880301	SRP397096	SRX17568142	SAMN30836979	SRS15110187	PAIRED	AMPLICON	METAGENOMIC	ILLUMINA	Illumina MiSeq	Illumina MiSeq	PAIRED	AMPLICON	METAGENOMIC	39415	19707500	2023-03-19	2023-03-21						Human Microbiome	Homo sapiens			29.7604 N 95.3698 W								SUB12048757	Illumina MiSeq sequencing: 16S-seq of human anorectal microbiome for anal dysplasia/cancer	GTATTGACGGTC	PCR	human metagenome	2016-08-17	Anorectal microbiome along anal development	MIMS Environmental/Metagenome sample from human metagenome		ftp.sra.ebi.ac.uk/vol1/fastq/SRR215/037/SRR21565737/SRR21565737_1.fastq.gz;ftp.sra.ebi.ac.uk/vol1/fastq/SRR215/037/SRR21565737/SRR21565737_2.fastq.gz			Isohelix Swab	Isohelix Swab				2023-03-18 19:15:53	2022-09-14 13:23:26	39415.0	19707500.0	39415.0	500.0	10.0		https://sra-downloadb.be-md.ncbi.nlm.nih.gov/sos8/sra-pub-zq-818/SRR021/21565/SRR21565737/SRR21565737.lite.1	GTATTGACGGTC	PCR	0.0	0.0		880301.0	SRS15110187	simple	646099.0	human metagenome							no					MD ANDERSON CANCER CENTER	SRA1497604		public	3A3B805368A97BB786C3762F8D378DAC	6FD4275802763F84A9B62ABDD06166CE
SRR21565738						PRJNA880301	SRP397096	SRX17568141	SAMN30836978	SRS15110186						Illumina MiSeq	PAIRED	AMPLICON	METAGENOMIC	47698	23849000	2023-03-19	2023-03-24						Human Microbiome	Homo sapiens			29.7604 N 95.3698 W								SUB12048757	Illumina MiSeq sequencing: 16S-seq of human anorectal microbiome for anal dysplasia/cancer	GTGTTTGGTCGA	PCR	human metagenome	2016-07-21	Anorectal microbiome along anal development	MIMS Environmental/Metagenome sample from human metagenome		ftp.sra.ebi.ac.uk/vol1/fastq/SRR215/038/SRR21565738/SRR21565738_1.fastq.gz;ftp.sra.ebi.ac.uk/vol1/fastq/SRR215/038/SRR21565738/SRR21565738_2.fastq.gz			Isohelix Swab	Isohelix Swab																																							
SRR21565739						PRJNA880301	SRP397096	SRX17568140	SAMN30837041	SRS15110185						Illumina MiSeq	PAIRED	AMPLICON	METAGENOMIC	41114	20557000	2023-03-19	2023-03-22						Human Microbiome	Homo sapiens			29.7604 N 95.3698 W								SUB12048757	Illumina MiSeq sequencing: 16S-seq of human anorectal microbiome for anal dysplasia/cancer	AGTGTCACGGTG	PCR	human metagenome	2019-01-24	Anorectal microbiome along anal development	MIMS Environmental/Metagenome sample from human metagenome		ftp.sra.ebi.ac.uk/vol1/fastq/SRR215/039/SRR21565739/SRR21565739_1.fastq.gz;ftp.sra.ebi.ac.uk/vol1/fastq/SRR215/039/SRR21565739/SRR21565739_2.fastq.gz			Isohelix Swab	Isohelix Swab																																							
SRR21565740						PRJNA880301	SRP397096	SRX17568139	SAMN30837040	SRS15110184						Illumina MiSeq	PAIRED	AMPLICON	METAGENOMIC	37078	18539000	2023-03-19	2023-03-24						Human Microbiome	Homo sapiens			29.7604 N 95.3698 W								SUB12048757	Illumina MiSeq sequencing: 16S-seq of human anorectal microbiome for anal dysplasia/cancer	GAATTGGAAGCA	PCR	human metagenome	2018-12-10	Anorectal microbiome along anal development	MIMS Environmental/Metagenome sample from human metagenome		ftp.sra.ebi.ac.uk/vol1/fastq/SRR215/040/SRR21565740/SRR21565740_1.fastq.gz;ftp.sra.ebi.ac.uk/vol1/fastq/SRR215/040/SRR21565740/SRR21565740_2.fastq.gz			Isohelix Swab	Isohelix Swab																																							
SRR21565741						PRJNA880301	SRP397096	SRX17568138	SAMN30836977	SRS15110182						Illumina MiSeq	PAIRED	AMPLICON	METAGENOMIC	22900	11450000	2023-03-19	2023-03-23						Human Microbiome	Homo sapiens			29.7604 N 95.3698 W								SUB12048757	Illumina MiSeq sequencing: 16S-seq of human anorectal microbiome for anal dysplasia/cancer	ATTGTGCGGTGT	PCR	human metagenome	2016-07-13	Anorectal microbiome along anal development	MIMS Environmental/Metagenome sample from human metagenome		ftp.sra.ebi.ac.uk/vol1/fastq/SRR215/041/SRR21565741/SRR21565741_1.fastq.gz;ftp.sra.ebi.ac.uk/vol1/fastq/SRR215/041/SRR21565741/SRR21565741_2.fastq.gz			Isohelix Swab	Isohelix Swab																																							
SRR27747543						PRJNA1069754	SRP486182	SRX23412928	SAMN39624254	SRS20268249						Illumina HiSeq 2500	PAIRED	RNA-Seq	TRANSCRIPTOMIC	23286989	6986096700	2024-03-19	2024-03-19														primary tumor FFPE					Illumina HiSeq 2500 sequencing: GSM8037865: cCR.ASCC_93 Homo sapiens RNA-Seq	GSM8037865	cDNA	Homo sapiens	missing	Inflammatory pathways confer resistance to chemoradiotherapy in anal squamous cell carcinoma	cCR.ASCC_93		ftp.sra.ebi.ac.uk/vol1/fastq/SRR277/043/SRR27747543/SRR27747543_1.fastq.gz;ftp.sra.ebi.ac.uk/vol1/fastq/SRR277/043/SRR27747543/SRR27747543_2.fastq.gz																																											
SRR27747544						PRJNA1069754	SRP486182	SRX23412927	SAMN39624255	SRS20268248						Illumina HiSeq 2500	PAIRED	RNA-Seq	TRANSCRIPTOMIC	20530299	6159089700	2024-03-19	2024-03-19														primary tumor FFPE					Illumina HiSeq 2500 sequencing: GSM8037864: cCR.ASCC_91 Homo sapiens RNA-Seq	GSM8037864	cDNA	Homo sapiens	missing	Inflammatory pathways confer resistance to chemoradiotherapy in anal squamous cell carcinoma	cCR.ASCC_91		ftp.sra.ebi.ac.uk/vol1/fastq/SRR277/044/SRR27747544/SRR27747544_1.fastq.gz;ftp.sra.ebi.ac.uk/vol1/fastq/SRR277/044/SRR27747544/SRR27747544_2.fastq.gz																																											
SRR27747545						PRJNA1069754	SRP486182	SRX23412926	SAMN39624256	SRS20268247						Illumina HiSeq 2500	PAIRED	RNA-Seq	TRANSCRIPTOMIC	19810645	5943193500	2024-03-19	2024-03-19														primary tumor FFPE					Illumina HiSeq 2500 sequencing: GSM8037863: cCR.ASCC_90 Homo sapiens RNA-Seq	GSM8037863	cDNA	Homo sapiens	missing	Inflammatory pathways confer resistance to chemoradiotherapy in anal squamous cell carcinoma	cCR.ASCC_90		ftp.sra.ebi.ac.uk/vol1/fastq/SRR277/045/SRR27747545/SRR27747545_1.fastq.gz;ftp.sra.ebi.ac.uk/vol1/fastq/SRR277/045/SRR27747545/SRR27747545_2.fastq.gz																																											
SRR31931317						PRJNA1190521	SRP557572	SRX27288567	SAMN46033665	SRS23731220						Illumina NovaSeq 6000	PAIRED	WXS	GENOMIC	0	0	2025-04-26	2025-04-26											female							NCI-phs003845	Illumina NovaSeq 6000 sequencing: Whole Exome Sequencing of Human Sample Pt_165_baseline	Nimblegen_WEX_SeqCap_V3_Pt_165_baseline	RANDOM	Homo sapiens		Atezolizumab and Bevacizumab in Treating Patients With Rare Solid Tumors	"Anal Cancer tumor DNA/RNA sample from Inguinal lymph node of a human female participant in the dbGaP study ""Atezolizumab and Bevacizumab in Treating Patients With Rare Solid Tumors"""	Protected file(s). Go to dbGap																																												
SRR31931318						PRJNA1190521	SRP557572	SRX27288568	SAMN46033665	SRS23731220						Illumina NovaSeq 6000	PAIRED	RNA-Seq	TRANSCRIPTOMIC	0	0	2025-04-26	2025-04-26											female							NCI-phs003845	Illumina NovaSeq 6000 sequencing: Transcriptome Sequencing of Human Sample Pt_165_baseline	Nimblegen_RNA_SeqCap_V3_Pt_165_baseline	RANDOM	Homo sapiens		Atezolizumab and Bevacizumab in Treating Patients With Rare Solid Tumors	"Anal Cancer tumor DNA/RNA sample from Inguinal lymph node of a human female participant in the dbGaP study ""Atezolizumab and Bevacizumab in Treating Patients With Rare Solid Tumors"""	Protected file(s). Go to dbGap																																												
SRR32953141						PRJNA1245381	SRP576026	SRX28227162	SAMN47753473	SRS24575594						Illumina NovaSeq 6000	PAIRED	RNA-Seq	TRANSCRIPTOMIC	43166165	13036181830	2025-05-09	2025-05-09																			Illumina NovaSeq 6000 sequencing: GSM8887040: NR9, Nonrecurrent 9 Homo sapiens RNA-Seq	GSM8887040	cDNA			Higher expression of HPV16 derived E7_LI Transcript Observed in Men with HIV and Recurrent Anal Cancer			ftp.sra.ebi.ac.uk/vol1/fastq/SRR329/041/SRR32953141/SRR32953141_1.fastq.gz;ftp.sra.ebi.ac.uk/vol1/fastq/SRR329/041/SRR32953141/SRR32953141_2.fastq.gz																																											
SRR32953142						PRJNA1245381	SRP576026	SRX28227161	SAMN47753474	SRS24575593						Illumina NovaSeq 6000	PAIRED	RNA-Seq	TRANSCRIPTOMIC	64612134	19512864468	2025-05-28	2025-05-28																			Illumina NovaSeq 6000 sequencing: GSM8887039: NR8, Nonrecurrent 8 Homo sapiens RNA-Seq	GSM8887039	cDNA			Higher expression of HPV16 derived E7_LI Transcript Observed in Men with HIV and Recurrent Anal Cancer			ftp.sra.ebi.ac.uk/vol1/fastq/SRR329/042/SRR32953142/SRR32953142_1.fastq.gz;ftp.sra.ebi.ac.uk/vol1/fastq/SRR329/042/SRR32953142/SRR32953142_2.fastq.gz																																											
SRR32953143						PRJNA1245381	SRP576026	SRX28227160	SAMN47753475	SRS24575592						Illumina NovaSeq 6000	PAIRED	RNA-Seq	TRANSCRIPTOMIC	49462477	14937668054	2025-05-09	2025-05-09																			Illumina NovaSeq 6000 sequencing: GSM8887038: NR7, Nonrecurrent 7 Homo sapiens RNA-Seq	GSM8887038	cDNA			Higher expression of HPV16 derived E7_LI Transcript Observed in Men with HIV and Recurrent Anal Cancer			ftp.sra.ebi.ac.uk/vol1/fastq/SRR329/043/SRR32953143/SRR32953143_1.fastq.gz;ftp.sra.ebi.ac.uk/vol1/fastq/SRR329/043/SRR32953143/SRR32953143_2.fastq.gz																																											
SRR32953144						PRJNA1245381	SRP576026	SRX28227159	SAMN47753476	SRS24575591						Illumina NovaSeq 6000	PAIRED	RNA-Seq	TRANSCRIPTOMIC	63110688	19059427776	2025-05-09	2025-05-09																			Illumina NovaSeq 6000 sequencing: GSM8887037: NR6, Nonrecurrent 6 Homo sapiens RNA-Seq	GSM8887037	cDNA			Higher expression of HPV16 derived E7_LI Transcript Observed in Men with HIV and Recurrent Anal Cancer			ftp.sra.ebi.ac.uk/vol1/fastq/SRR329/044/SRR32953144/SRR32953144_1.fastq.gz;ftp.sra.ebi.ac.uk/vol1/fastq/SRR329/044/SRR32953144/SRR32953144_2.fastq.gz																																											
SRR32953145						PRJNA1245381	SRP576026	SRX28227158	SAMN47753477	SRS24575590						Illumina NovaSeq 6000	PAIRED	RNA-Seq	TRANSCRIPTOMIC	42695310	12893983620	2025-05-09	2025-05-09																			Illumina NovaSeq 6000 sequencing: GSM8887036: NR5, Nonrecurrent 5 Homo sapiens RNA-Seq	GSM8887036	cDNA			Higher expression of HPV16 derived E7_LI Transcript Observed in Men with HIV and Recurrent Anal Cancer			ftp.sra.ebi.ac.uk/vol1/fastq/SRR329/045/SRR32953145/SRR32953145_1.fastq.gz;ftp.sra.ebi.ac.uk/vol1/fastq/SRR329/045/SRR32953145/SRR32953145_2.fastq.gz																																											
